{
  "Author": "JerryEris",
  "Compatibility": "Compatible",
  "DefuserDifficulty": "Hard",
  "Description": "Translate the module's output to input, and make an additional input when the module stops. Tags: 6-buttons, leds, lights, colors, stop, simon, sounds, tones",
  "ExpertDifficulty": "Medium",
  "ModuleID": "simonStops",
  "Name": "Simon Stops",
  "Origin": "Mods",
  "Published": "2019-05-06",
  "SortKey": "SIMONSTOPS",
  "SourceUrl": "https://github.com/JerryArr/SimonStops",
  "SteamID": "2",
  "Symbol": "Zg",
  "TwitchPlaysSupport": "Supported",
  "Type": "Regular"
}